log_id,incident_type,description,severity,location,affected_team,system_status,timestamp
LOG000,Digital Signage Network Outage,The centralized digital signage network across the entire Northeast region (50+ stores) is displaying blank screens or outdated promotional content. Remote content deployment is failing.,Medium,Mumbai,Technical Support,Partially Down,2026-05-20 21:41:16
LOG001,Digital Signage Network Outage,The centralized digital signage network across the entire Northeast region (50+ stores) is displaying blank screens or outdated promotional content. Remote content deployment is failing.,Medium,Mumbai,Warehouse Operations,Down,2026-05-23 19:41:16
LOG002,Store Network Connectivity Loss,"Store #789 experienced a complete loss of internet and internal network connectivity, disabling all critical systems including POS, back-office, WiFi, and VoIP services. Store operations are suspended.",Critical,Pune,Technical Support,Operational,2026-05-24 06:41:16
LOG003,Warehouse Management System (WMS) Discrepancy,"WMS in Distribution Center #3 is experiencing data synchronization issues, leading to significant inventory discrepancies between physical stock and system records. This impacts order fulfillment accuracy.",High,Pune,Warehouse Operations,Partially Down,2026-05-21 10:41:16
LOG004,Returns Processing System Interruption,The backend system supporting customer returns and exchanges is intermittently failing to process transactions in all stores. This is leading to significant queues and customer dissatisfaction at service desks.,Medium,Pune,Payment Support,Partially Down,2026-05-23 06:41:16
LOG005,E-commerce Platform Performance Degradation,"The enterprise e-commerce website (www.retailcorp.com) is exhibiting severe performance degradation, including extended page load times and intermittent HTTP 503 errors, particularly during peak traffic hours.",High,Chennai,Warehouse Operations,Partially Down,2026-05-22 12:41:16
LOG006,E-commerce Platform Performance Degradation,"The enterprise e-commerce website (www.retailcorp.com) is exhibiting severe performance degradation, including extended page load times and intermittent HTTP 503 errors, particularly during peak traffic hours.",High,Delhi,Technical Support,Partially Down,2026-05-23 12:41:16
LOG007,Inbound Logistics Delay,"Truck MT456, transporting critical inventory for the Western region distribution center, suffered a mechanical breakdown on I-5. Estimated delivery delay is 12-18 hours, impacting planned replenishment for 15 stores.",High,Chennai,Technical Support,Operational,2026-05-23 18:41:16
LOG008,Payment Terminal Malfunction (In-Store),Store #012 reported that 7 out of 10 PIN pad terminals are unresponsive or failing to process EMV chip and NFC payments. Customers are experiencing significant delays and transaction failures.,High,Delhi,Warehouse Operations,Partially Down,2026-05-24 05:41:16
LOG009,Returns Processing System Interruption,The backend system supporting customer returns and exchanges is intermittently failing to process transactions in all stores. This is leading to significant queues and customer dissatisfaction at service desks.,Medium,Chennai,Logistics Team,Operational,2026-05-22 23:41:16
LOG010,Returns Processing System Interruption,The backend system supporting customer returns and exchanges is intermittently failing to process transactions in all stores. This is leading to significant queues and customer dissatisfaction at service desks.,Medium,Pune,Logistics Team,Partially Down,2026-05-23 08:41:16
LOG011,Inbound Logistics Delay,"Truck MT456, transporting critical inventory for the Western region distribution center, suffered a mechanical breakdown on I-5. Estimated delivery delay is 12-18 hours, impacting planned replenishment for 15 stores.",High,Pune,Fraud Investigation,Partially Down,2026-05-21 12:41:16
LOG012,Store Network Connectivity Loss,"Store #789 experienced a complete loss of internet and internal network connectivity, disabling all critical systems including POS, back-office, WiFi, and VoIP services. Store operations are suspended.",Critical,Delhi,Technical Support,Down,2026-05-21 13:41:16
LOG013,Digital Signage Network Outage,The centralized digital signage network across the entire Northeast region (50+ stores) is displaying blank screens or outdated promotional content. Remote content deployment is failing.,Medium,Bengaluru,Fraud Investigation,Operational,2026-05-24 11:41:16
LOG014,Digital Signage Network Outage,The centralized digital signage network across the entire Northeast region (50+ stores) is displaying blank screens or outdated promotional content. Remote content deployment is failing.,Medium,Mumbai,Payment Support,Down,2026-05-21 06:41:16
LOG015,Supplier Fulfillment Failure,"Key supplier 'Apex Components' notified of an inability to fulfill purchase order #P0987 for SKU 54321, a high-demand item, due to unforeseen production issues. This will lead to stock-outs in 200 stores.",High,Pune,Fraud Investigation,Operational,2026-05-23 14:41:16
LOG016,Payment Terminal Malfunction (In-Store),Store #012 reported that 7 out of 10 PIN pad terminals are unresponsive or failing to process EMV chip and NFC payments. Customers are experiencing significant delays and transaction failures.,High,Chennai,Fraud Investigation,Partially Down,2026-05-23 03:41:16
LOG017,Online Payment Gateway Interruption,"Our primary online payment gateway, 'PayFlow', is reporting intermittent transaction failures and timeouts affecting approximately 30% of attempted e-commerce purchases. Customer abandonment rates are elevated.",Critical,Chennai,Technical Support,Down,2026-05-22 11:41:16
LOG018,Warehouse Management System (WMS) Discrepancy,"WMS in Distribution Center #3 is experiencing data synchronization issues, leading to significant inventory discrepancies between physical stock and system records. This impacts order fulfillment accuracy.",High,Chennai,Fraud Investigation,Down,2026-05-21 02:41:16
LOG019,Store Network Connectivity Loss,"Store #789 experienced a complete loss of internet and internal network connectivity, disabling all critical systems including POS, back-office, WiFi, and VoIP services. Store operations are suspended.",Critical,Delhi,Warehouse Operations,Partially Down,2026-05-24 12:41:16
LOG020,Warehouse Management System (WMS) Discrepancy,"WMS in Distribution Center #3 is experiencing data synchronization issues, leading to significant inventory discrepancies between physical stock and system records. This impacts order fulfillment accuracy.",High,Pune,Technical Support,Operational,2026-05-22 17:41:16
LOG021,Store Network Connectivity Loss,"Store #789 experienced a complete loss of internet and internal network connectivity, disabling all critical systems including POS, back-office, WiFi, and VoIP services. Store operations are suspended.",Critical,Chennai,Technical Support,Operational,2026-05-21 18:41:16
LOG022,POS System Outage,"Store #123 experienced a complete outage of all Point-of-Sale terminals for 45 minutes, rendering all transaction processing impossible. Initial diagnostic indicates a network switch failure.",Critical,Delhi,Fraud Investigation,Partially Down,2026-05-21 08:41:16
LOG023,Digital Signage Network Outage,The centralized digital signage network across the entire Northeast region (50+ stores) is displaying blank screens or outdated promotional content. Remote content deployment is failing.,Medium,Chennai,Fraud Investigation,Partially Down,2026-05-21 10:41:16
LOG024,Online Payment Gateway Interruption,"Our primary online payment gateway, 'PayFlow', is reporting intermittent transaction failures and timeouts affecting approximately 30% of attempted e-commerce purchases. Customer abandonment rates are elevated.",Critical,Mumbai,Technical Support,Operational,2026-05-22 20:41:16
LOG025,E-commerce Platform Performance Degradation,"The enterprise e-commerce website (www.retailcorp.com) is exhibiting severe performance degradation, including extended page load times and intermittent HTTP 503 errors, particularly during peak traffic hours.",High,Delhi,Technical Support,Down,2026-05-22 23:41:16
LOG026,Online Payment Gateway Interruption,"Our primary online payment gateway, 'PayFlow', is reporting intermittent transaction failures and timeouts affecting approximately 30% of attempted e-commerce purchases. Customer abandonment rates are elevated.",Critical,Mumbai,Technical Support,Operational,2026-05-21 07:41:16
LOG027,Payment Terminal Malfunction (In-Store),Store #012 reported that 7 out of 10 PIN pad terminals are unresponsive or failing to process EMV chip and NFC payments. Customers are experiencing significant delays and transaction failures.,High,Delhi,Technical Support,Down,2026-05-24 07:41:16
LOG028,E-commerce Platform Performance Degradation,"The enterprise e-commerce website (www.retailcorp.com) is exhibiting severe performance degradation, including extended page load times and intermittent HTTP 503 errors, particularly during peak traffic hours.",High,Delhi,Customer Support,Partially Down,2026-05-23 16:41:16
LOG029,Warehouse Management System (WMS) Discrepancy,"WMS in Distribution Center #3 is experiencing data synchronization issues, leading to significant inventory discrepancies between physical stock and system records. This impacts order fulfillment accuracy.",High,Pune,Payment Support,Partially Down,2026-05-24 06:41:16
